-- phpMyAdmin SQL Dump
-- version 4.0.4
-- http://www.phpmyadmin.net
--
-- Host: localhost
-- Generation Time: Mar 05, 2015 at 07:01 AM
-- Server version: 5.6.12-log
-- PHP Version: 5.4.16

SET SQL_MODE = "NO_AUTO_VALUE_ON_ZERO";
SET time_zone = "+00:00";


/*!40101 SET @OLD_CHARACTER_SET_CLIENT=@@CHARACTER_SET_CLIENT */;
/*!40101 SET @OLD_CHARACTER_SET_RESULTS=@@CHARACTER_SET_RESULTS */;
/*!40101 SET @OLD_COLLATION_CONNECTION=@@COLLATION_CONNECTION */;
/*!40101 SET NAMES utf8 */;

--
-- Database: `dailyreport`
--
CREATE DATABASE IF NOT EXISTS `dailyreport` DEFAULT CHARACTER SET latin1 COLLATE latin1_swedish_ci;
USE `dailyreport`;

DELIMITER $$
--
-- Procedures
--
CREATE DEFINER=`root`@`localhost` PROCEDURE `filldates`(dateStart DATE, dateEnd DATE)
BEGIN
  WHILE dateStart <= dateEnd DO
    INSERT INTO alldates (_date) VALUES (dateStart);
    SET dateStart = date_add(dateStart, INTERVAL 1 DAY);
  END WHILE;
END$$

DELIMITER ;

-- --------------------------------------------------------

--
-- Table structure for table `alldates`
--

CREATE TABLE IF NOT EXISTS `alldates` (
  `id` int(11) NOT NULL AUTO_INCREMENT,
  `_date` date NOT NULL,
  PRIMARY KEY (`id`)
) ENGINE=InnoDB  DEFAULT CHARSET=latin1 AUTO_INCREMENT=2194 ;

--
-- Dumping data for table `alldates`
--

INSERT INTO `alldates` (`id`, `_date`) VALUES
(1463, '2015-01-01'),
(1464, '2015-01-02'),
(1465, '2015-01-03'),
(1466, '2015-01-04'),
(1467, '2015-01-05'),
(1468, '2015-01-06'),
(1469, '2015-01-07'),
(1470, '2015-01-08'),
(1471, '2015-01-09'),
(1472, '2015-01-10'),
(1473, '2015-01-11'),
(1474, '2015-01-12'),
(1475, '2015-01-13'),
(1476, '2015-01-14'),
(1477, '2015-01-15'),
(1478, '2015-01-16'),
(1479, '2015-01-17'),
(1480, '2015-01-18'),
(1481, '2015-01-19'),
(1482, '2015-01-20'),
(1483, '2015-01-21'),
(1484, '2015-01-22'),
(1485, '2015-01-23'),
(1486, '2015-01-24'),
(1487, '2015-01-25'),
(1488, '2015-01-26'),
(1489, '2015-01-27'),
(1490, '2015-01-28'),
(1491, '2015-01-29'),
(1492, '2015-01-30'),
(1493, '2015-01-31'),
(1494, '2015-02-01'),
(1495, '2015-02-02'),
(1496, '2015-02-03'),
(1497, '2015-02-04'),
(1498, '2015-02-05'),
(1499, '2015-02-06'),
(1500, '2015-02-07'),
(1501, '2015-02-08'),
(1502, '2015-02-09'),
(1503, '2015-02-10'),
(1504, '2015-02-11'),
(1505, '2015-02-12'),
(1506, '2015-02-13'),
(1507, '2015-02-14'),
(1508, '2015-02-15'),
(1509, '2015-02-16'),
(1510, '2015-02-17'),
(1511, '2015-02-18'),
(1512, '2015-02-19'),
(1513, '2015-02-20'),
(1514, '2015-02-21'),
(1515, '2015-02-22'),
(1516, '2015-02-23'),
(1517, '2015-02-24'),
(1518, '2015-02-25'),
(1519, '2015-02-26'),
(1520, '2015-02-27'),
(1521, '2015-02-28'),
(1522, '2015-03-01'),
(1523, '2015-03-02'),
(1524, '2015-03-03'),
(1525, '2015-03-04'),
(1526, '2015-03-05'),
(1527, '2015-03-06'),
(1528, '2015-03-07'),
(1529, '2015-03-08'),
(1530, '2015-03-09'),
(1531, '2015-03-10'),
(1532, '2015-03-11'),
(1533, '2015-03-12'),
(1534, '2015-03-13'),
(1535, '2015-03-14'),
(1536, '2015-03-15'),
(1537, '2015-03-16'),
(1538, '2015-03-17'),
(1539, '2015-03-18'),
(1540, '2015-03-19'),
(1541, '2015-03-20'),
(1542, '2015-03-21'),
(1543, '2015-03-22'),
(1544, '2015-03-23'),
(1545, '2015-03-24'),
(1546, '2015-03-25'),
(1547, '2015-03-26'),
(1548, '2015-03-27'),
(1549, '2015-03-28'),
(1550, '2015-03-29'),
(1551, '2015-03-30'),
(1552, '2015-03-31'),
(1553, '2015-04-01'),
(1554, '2015-04-02'),
(1555, '2015-04-03'),
(1556, '2015-04-04'),
(1557, '2015-04-05'),
(1558, '2015-04-06'),
(1559, '2015-04-07'),
(1560, '2015-04-08'),
(1561, '2015-04-09'),
(1562, '2015-04-10'),
(1563, '2015-04-11'),
(1564, '2015-04-12'),
(1565, '2015-04-13'),
(1566, '2015-04-14'),
(1567, '2015-04-15'),
(1568, '2015-04-16'),
(1569, '2015-04-17'),
(1570, '2015-04-18'),
(1571, '2015-04-19'),
(1572, '2015-04-20'),
(1573, '2015-04-21'),
(1574, '2015-04-22'),
(1575, '2015-04-23'),
(1576, '2015-04-24'),
(1577, '2015-04-25'),
(1578, '2015-04-26'),
(1579, '2015-04-27'),
(1580, '2015-04-28'),
(1581, '2015-04-29'),
(1582, '2015-04-30'),
(1583, '2015-05-01'),
(1584, '2015-05-02'),
(1585, '2015-05-03'),
(1586, '2015-05-04'),
(1587, '2015-05-05'),
(1588, '2015-05-06'),
(1589, '2015-05-07'),
(1590, '2015-05-08'),
(1591, '2015-05-09'),
(1592, '2015-05-10'),
(1593, '2015-05-11'),
(1594, '2015-05-12'),
(1595, '2015-05-13'),
(1596, '2015-05-14'),
(1597, '2015-05-15'),
(1598, '2015-05-16'),
(1599, '2015-05-17'),
(1600, '2015-05-18'),
(1601, '2015-05-19'),
(1602, '2015-05-20'),
(1603, '2015-05-21'),
(1604, '2015-05-22'),
(1605, '2015-05-23'),
(1606, '2015-05-24'),
(1607, '2015-05-25'),
(1608, '2015-05-26'),
(1609, '2015-05-27'),
(1610, '2015-05-28'),
(1611, '2015-05-29'),
(1612, '2015-05-30'),
(1613, '2015-05-31'),
(1614, '2015-06-01'),
(1615, '2015-06-02'),
(1616, '2015-06-03'),
(1617, '2015-06-04'),
(1618, '2015-06-05'),
(1619, '2015-06-06'),
(1620, '2015-06-07'),
(1621, '2015-06-08'),
(1622, '2015-06-09'),
(1623, '2015-06-10'),
(1624, '2015-06-11'),
(1625, '2015-06-12'),
(1626, '2015-06-13'),
(1627, '2015-06-14'),
(1628, '2015-06-15'),
(1629, '2015-06-16'),
(1630, '2015-06-17'),
(1631, '2015-06-18'),
(1632, '2015-06-19'),
(1633, '2015-06-20'),
(1634, '2015-06-21'),
(1635, '2015-06-22'),
(1636, '2015-06-23'),
(1637, '2015-06-24'),
(1638, '2015-06-25'),
(1639, '2015-06-26'),
(1640, '2015-06-27'),
(1641, '2015-06-28'),
(1642, '2015-06-29'),
(1643, '2015-06-30'),
(1644, '2015-07-01'),
(1645, '2015-07-02'),
(1646, '2015-07-03'),
(1647, '2015-07-04'),
(1648, '2015-07-05'),
(1649, '2015-07-06'),
(1650, '2015-07-07'),
(1651, '2015-07-08'),
(1652, '2015-07-09'),
(1653, '2015-07-10'),
(1654, '2015-07-11'),
(1655, '2015-07-12'),
(1656, '2015-07-13'),
(1657, '2015-07-14'),
(1658, '2015-07-15'),
(1659, '2015-07-16'),
(1660, '2015-07-17'),
(1661, '2015-07-18'),
(1662, '2015-07-19'),
(1663, '2015-07-20'),
(1664, '2015-07-21'),
(1665, '2015-07-22'),
(1666, '2015-07-23'),
(1667, '2015-07-24'),
(1668, '2015-07-25'),
(1669, '2015-07-26'),
(1670, '2015-07-27'),
(1671, '2015-07-28'),
(1672, '2015-07-29'),
(1673, '2015-07-30'),
(1674, '2015-07-31'),
(1675, '2015-08-01'),
(1676, '2015-08-02'),
(1677, '2015-08-03'),
(1678, '2015-08-04'),
(1679, '2015-08-05'),
(1680, '2015-08-06'),
(1681, '2015-08-07'),
(1682, '2015-08-08'),
(1683, '2015-08-09'),
(1684, '2015-08-10'),
(1685, '2015-08-11'),
(1686, '2015-08-12'),
(1687, '2015-08-13'),
(1688, '2015-08-14'),
(1689, '2015-08-15'),
(1690, '2015-08-16'),
(1691, '2015-08-17'),
(1692, '2015-08-18'),
(1693, '2015-08-19'),
(1694, '2015-08-20'),
(1695, '2015-08-21'),
(1696, '2015-08-22'),
(1697, '2015-08-23'),
(1698, '2015-08-24'),
(1699, '2015-08-25'),
(1700, '2015-08-26'),
(1701, '2015-08-27'),
(1702, '2015-08-28'),
(1703, '2015-08-29'),
(1704, '2015-08-30'),
(1705, '2015-08-31'),
(1706, '2015-09-01'),
(1707, '2015-09-02'),
(1708, '2015-09-03'),
(1709, '2015-09-04'),
(1710, '2015-09-05'),
(1711, '2015-09-06'),
(1712, '2015-09-07'),
(1713, '2015-09-08'),
(1714, '2015-09-09'),
(1715, '2015-09-10'),
(1716, '2015-09-11'),
(1717, '2015-09-12'),
(1718, '2015-09-13'),
(1719, '2015-09-14'),
(1720, '2015-09-15'),
(1721, '2015-09-16'),
(1722, '2015-09-17'),
(1723, '2015-09-18'),
(1724, '2015-09-19'),
(1725, '2015-09-20'),
(1726, '2015-09-21'),
(1727, '2015-09-22'),
(1728, '2015-09-23'),
(1729, '2015-09-24'),
(1730, '2015-09-25'),
(1731, '2015-09-26'),
(1732, '2015-09-27'),
(1733, '2015-09-28'),
(1734, '2015-09-29'),
(1735, '2015-09-30'),
(1736, '2015-10-01'),
(1737, '2015-10-02'),
(1738, '2015-10-03'),
(1739, '2015-10-04'),
(1740, '2015-10-05'),
(1741, '2015-10-06'),
(1742, '2015-10-07'),
(1743, '2015-10-08'),
(1744, '2015-10-09'),
(1745, '2015-10-10'),
(1746, '2015-10-11'),
(1747, '2015-10-12'),
(1748, '2015-10-13'),
(1749, '2015-10-14'),
(1750, '2015-10-15'),
(1751, '2015-10-16'),
(1752, '2015-10-17'),
(1753, '2015-10-18'),
(1754, '2015-10-19'),
(1755, '2015-10-20'),
(1756, '2015-10-21'),
(1757, '2015-10-22'),
(1758, '2015-10-23'),
(1759, '2015-10-24'),
(1760, '2015-10-25'),
(1761, '2015-10-26'),
(1762, '2015-10-27'),
(1763, '2015-10-28'),
(1764, '2015-10-29'),
(1765, '2015-10-30'),
(1766, '2015-10-31'),
(1767, '2015-11-01'),
(1768, '2015-11-02'),
(1769, '2015-11-03'),
(1770, '2015-11-04'),
(1771, '2015-11-05'),
(1772, '2015-11-06'),
(1773, '2015-11-07'),
(1774, '2015-11-08'),
(1775, '2015-11-09'),
(1776, '2015-11-10'),
(1777, '2015-11-11'),
(1778, '2015-11-12'),
(1779, '2015-11-13'),
(1780, '2015-11-14'),
(1781, '2015-11-15'),
(1782, '2015-11-16'),
(1783, '2015-11-17'),
(1784, '2015-11-18'),
(1785, '2015-11-19'),
(1786, '2015-11-20'),
(1787, '2015-11-21'),
(1788, '2015-11-22'),
(1789, '2015-11-23'),
(1790, '2015-11-24'),
(1791, '2015-11-25'),
(1792, '2015-11-26'),
(1793, '2015-11-27'),
(1794, '2015-11-28'),
(1795, '2015-11-29'),
(1796, '2015-11-30'),
(1797, '2015-12-01'),
(1798, '2015-12-02'),
(1799, '2015-12-03'),
(1800, '2015-12-04'),
(1801, '2015-12-05'),
(1802, '2015-12-06'),
(1803, '2015-12-07'),
(1804, '2015-12-08'),
(1805, '2015-12-09'),
(1806, '2015-12-10'),
(1807, '2015-12-11'),
(1808, '2015-12-12'),
(1809, '2015-12-13'),
(1810, '2015-12-14'),
(1811, '2015-12-15'),
(1812, '2015-12-16'),
(1813, '2015-12-17'),
(1814, '2015-12-18'),
(1815, '2015-12-19'),
(1816, '2015-12-20'),
(1817, '2015-12-21'),
(1818, '2015-12-22'),
(1819, '2015-12-23'),
(1820, '2015-12-24'),
(1821, '2015-12-25'),
(1822, '2015-12-26'),
(1823, '2015-12-27'),
(1824, '2015-12-28'),
(1825, '2015-12-29'),
(1826, '2015-12-30'),
(1827, '2015-12-31'),
(1828, '2016-01-01'),
(1829, '2016-01-02'),
(1830, '2016-01-03'),
(1831, '2016-01-04'),
(1832, '2016-01-05'),
(1833, '2016-01-06'),
(1834, '2016-01-07'),
(1835, '2016-01-08'),
(1836, '2016-01-09'),
(1837, '2016-01-10'),
(1838, '2016-01-11'),
(1839, '2016-01-12'),
(1840, '2016-01-13'),
(1841, '2016-01-14'),
(1842, '2016-01-15'),
(1843, '2016-01-16'),
(1844, '2016-01-17'),
(1845, '2016-01-18'),
(1846, '2016-01-19'),
(1847, '2016-01-20'),
(1848, '2016-01-21'),
(1849, '2016-01-22'),
(1850, '2016-01-23'),
(1851, '2016-01-24'),
(1852, '2016-01-25'),
(1853, '2016-01-26'),
(1854, '2016-01-27'),
(1855, '2016-01-28'),
(1856, '2016-01-29'),
(1857, '2016-01-30'),
(1858, '2016-01-31'),
(1859, '2016-02-01'),
(1860, '2016-02-02'),
(1861, '2016-02-03'),
(1862, '2016-02-04'),
(1863, '2016-02-05'),
(1864, '2016-02-06'),
(1865, '2016-02-07'),
(1866, '2016-02-08'),
(1867, '2016-02-09'),
(1868, '2016-02-10'),
(1869, '2016-02-11'),
(1870, '2016-02-12'),
(1871, '2016-02-13'),
(1872, '2016-02-14'),
(1873, '2016-02-15'),
(1874, '2016-02-16'),
(1875, '2016-02-17'),
(1876, '2016-02-18'),
(1877, '2016-02-19'),
(1878, '2016-02-20'),
(1879, '2016-02-21'),
(1880, '2016-02-22'),
(1881, '2016-02-23'),
(1882, '2016-02-24'),
(1883, '2016-02-25'),
(1884, '2016-02-26'),
(1885, '2016-02-27'),
(1886, '2016-02-28'),
(1887, '2016-02-29'),
(1888, '2016-03-01'),
(1889, '2016-03-02'),
(1890, '2016-03-03'),
(1891, '2016-03-04'),
(1892, '2016-03-05'),
(1893, '2016-03-06'),
(1894, '2016-03-07'),
(1895, '2016-03-08'),
(1896, '2016-03-09'),
(1897, '2016-03-10'),
(1898, '2016-03-11'),
(1899, '2016-03-12'),
(1900, '2016-03-13'),
(1901, '2016-03-14'),
(1902, '2016-03-15'),
(1903, '2016-03-16'),
(1904, '2016-03-17'),
(1905, '2016-03-18'),
(1906, '2016-03-19'),
(1907, '2016-03-20'),
(1908, '2016-03-21'),
(1909, '2016-03-22'),
(1910, '2016-03-23'),
(1911, '2016-03-24'),
(1912, '2016-03-25'),
(1913, '2016-03-26'),
(1914, '2016-03-27'),
(1915, '2016-03-28'),
(1916, '2016-03-29'),
(1917, '2016-03-30'),
(1918, '2016-03-31'),
(1919, '2016-04-01'),
(1920, '2016-04-02'),
(1921, '2016-04-03'),
(1922, '2016-04-04'),
(1923, '2016-04-05'),
(1924, '2016-04-06'),
(1925, '2016-04-07'),
(1926, '2016-04-08'),
(1927, '2016-04-09'),
(1928, '2016-04-10'),
(1929, '2016-04-11'),
(1930, '2016-04-12'),
(1931, '2016-04-13'),
(1932, '2016-04-14'),
(1933, '2016-04-15'),
(1934, '2016-04-16'),
(1935, '2016-04-17'),
(1936, '2016-04-18'),
(1937, '2016-04-19'),
(1938, '2016-04-20'),
(1939, '2016-04-21'),
(1940, '2016-04-22'),
(1941, '2016-04-23'),
(1942, '2016-04-24'),
(1943, '2016-04-25'),
(1944, '2016-04-26'),
(1945, '2016-04-27'),
(1946, '2016-04-28'),
(1947, '2016-04-29'),
(1948, '2016-04-30'),
(1949, '2016-05-01'),
(1950, '2016-05-02'),
(1951, '2016-05-03'),
(1952, '2016-05-04'),
(1953, '2016-05-05'),
(1954, '2016-05-06'),
(1955, '2016-05-07'),
(1956, '2016-05-08'),
(1957, '2016-05-09'),
(1958, '2016-05-10'),
(1959, '2016-05-11'),
(1960, '2016-05-12'),
(1961, '2016-05-13'),
(1962, '2016-05-14'),
(1963, '2016-05-15'),
(1964, '2016-05-16'),
(1965, '2016-05-17'),
(1966, '2016-05-18'),
(1967, '2016-05-19'),
(1968, '2016-05-20'),
(1969, '2016-05-21'),
(1970, '2016-05-22'),
(1971, '2016-05-23'),
(1972, '2016-05-24'),
(1973, '2016-05-25'),
(1974, '2016-05-26'),
(1975, '2016-05-27'),
(1976, '2016-05-28'),
(1977, '2016-05-29'),
(1978, '2016-05-30'),
(1979, '2016-05-31'),
(1980, '2016-06-01'),
(1981, '2016-06-02'),
(1982, '2016-06-03'),
(1983, '2016-06-04'),
(1984, '2016-06-05'),
(1985, '2016-06-06'),
(1986, '2016-06-07'),
(1987, '2016-06-08'),
(1988, '2016-06-09'),
(1989, '2016-06-10'),
(1990, '2016-06-11'),
(1991, '2016-06-12'),
(1992, '2016-06-13'),
(1993, '2016-06-14'),
(1994, '2016-06-15'),
(1995, '2016-06-16'),
(1996, '2016-06-17'),
(1997, '2016-06-18'),
(1998, '2016-06-19'),
(1999, '2016-06-20'),
(2000, '2016-06-21'),
(2001, '2016-06-22'),
(2002, '2016-06-23'),
(2003, '2016-06-24'),
(2004, '2016-06-25'),
(2005, '2016-06-26'),
(2006, '2016-06-27'),
(2007, '2016-06-28'),
(2008, '2016-06-29'),
(2009, '2016-06-30'),
(2010, '2016-07-01'),
(2011, '2016-07-02'),
(2012, '2016-07-03'),
(2013, '2016-07-04'),
(2014, '2016-07-05'),
(2015, '2016-07-06'),
(2016, '2016-07-07'),
(2017, '2016-07-08'),
(2018, '2016-07-09'),
(2019, '2016-07-10'),
(2020, '2016-07-11'),
(2021, '2016-07-12'),
(2022, '2016-07-13'),
(2023, '2016-07-14'),
(2024, '2016-07-15'),
(2025, '2016-07-16'),
(2026, '2016-07-17'),
(2027, '2016-07-18'),
(2028, '2016-07-19'),
(2029, '2016-07-20'),
(2030, '2016-07-21'),
(2031, '2016-07-22'),
(2032, '2016-07-23'),
(2033, '2016-07-24'),
(2034, '2016-07-25'),
(2035, '2016-07-26'),
(2036, '2016-07-27'),
(2037, '2016-07-28'),
(2038, '2016-07-29'),
(2039, '2016-07-30'),
(2040, '2016-07-31'),
(2041, '2016-08-01'),
(2042, '2016-08-02'),
(2043, '2016-08-03'),
(2044, '2016-08-04'),
(2045, '2016-08-05'),
(2046, '2016-08-06'),
(2047, '2016-08-07'),
(2048, '2016-08-08'),
(2049, '2016-08-09'),
(2050, '2016-08-10'),
(2051, '2016-08-11'),
(2052, '2016-08-12'),
(2053, '2016-08-13'),
(2054, '2016-08-14'),
(2055, '2016-08-15'),
(2056, '2016-08-16'),
(2057, '2016-08-17'),
(2058, '2016-08-18'),
(2059, '2016-08-19'),
(2060, '2016-08-20'),
(2061, '2016-08-21'),
(2062, '2016-08-22'),
(2063, '2016-08-23'),
(2064, '2016-08-24'),
(2065, '2016-08-25'),
(2066, '2016-08-26'),
(2067, '2016-08-27'),
(2068, '2016-08-28'),
(2069, '2016-08-29'),
(2070, '2016-08-30'),
(2071, '2016-08-31'),
(2072, '2016-09-01'),
(2073, '2016-09-02'),
(2074, '2016-09-03'),
(2075, '2016-09-04'),
(2076, '2016-09-05'),
(2077, '2016-09-06'),
(2078, '2016-09-07'),
(2079, '2016-09-08'),
(2080, '2016-09-09'),
(2081, '2016-09-10'),
(2082, '2016-09-11'),
(2083, '2016-09-12'),
(2084, '2016-09-13'),
(2085, '2016-09-14'),
(2086, '2016-09-15'),
(2087, '2016-09-16'),
(2088, '2016-09-17'),
(2089, '2016-09-18'),
(2090, '2016-09-19'),
(2091, '2016-09-20'),
(2092, '2016-09-21'),
(2093, '2016-09-22'),
(2094, '2016-09-23'),
(2095, '2016-09-24'),
(2096, '2016-09-25'),
(2097, '2016-09-26'),
(2098, '2016-09-27'),
(2099, '2016-09-28'),
(2100, '2016-09-29'),
(2101, '2016-09-30'),
(2102, '2016-10-01'),
(2103, '2016-10-02'),
(2104, '2016-10-03'),
(2105, '2016-10-04'),
(2106, '2016-10-05'),
(2107, '2016-10-06'),
(2108, '2016-10-07'),
(2109, '2016-10-08'),
(2110, '2016-10-09'),
(2111, '2016-10-10'),
(2112, '2016-10-11'),
(2113, '2016-10-12'),
(2114, '2016-10-13'),
(2115, '2016-10-14'),
(2116, '2016-10-15'),
(2117, '2016-10-16'),
(2118, '2016-10-17'),
(2119, '2016-10-18'),
(2120, '2016-10-19'),
(2121, '2016-10-20'),
(2122, '2016-10-21'),
(2123, '2016-10-22'),
(2124, '2016-10-23'),
(2125, '2016-10-24'),
(2126, '2016-10-25'),
(2127, '2016-10-26'),
(2128, '2016-10-27'),
(2129, '2016-10-28'),
(2130, '2016-10-29'),
(2131, '2016-10-30'),
(2132, '2016-10-31'),
(2133, '2016-11-01'),
(2134, '2016-11-02'),
(2135, '2016-11-03'),
(2136, '2016-11-04'),
(2137, '2016-11-05'),
(2138, '2016-11-06'),
(2139, '2016-11-07'),
(2140, '2016-11-08'),
(2141, '2016-11-09'),
(2142, '2016-11-10'),
(2143, '2016-11-11'),
(2144, '2016-11-12'),
(2145, '2016-11-13'),
(2146, '2016-11-14'),
(2147, '2016-11-15'),
(2148, '2016-11-16'),
(2149, '2016-11-17'),
(2150, '2016-11-18'),
(2151, '2016-11-19'),
(2152, '2016-11-20'),
(2153, '2016-11-21'),
(2154, '2016-11-22'),
(2155, '2016-11-23'),
(2156, '2016-11-24'),
(2157, '2016-11-25'),
(2158, '2016-11-26'),
(2159, '2016-11-27'),
(2160, '2016-11-28'),
(2161, '2016-11-29'),
(2162, '2016-11-30'),
(2163, '2016-12-01'),
(2164, '2016-12-02'),
(2165, '2016-12-03'),
(2166, '2016-12-04'),
(2167, '2016-12-05'),
(2168, '2016-12-06'),
(2169, '2016-12-07'),
(2170, '2016-12-08'),
(2171, '2016-12-09'),
(2172, '2016-12-10'),
(2173, '2016-12-11'),
(2174, '2016-12-12'),
(2175, '2016-12-13'),
(2176, '2016-12-14'),
(2177, '2016-12-15'),
(2178, '2016-12-16'),
(2179, '2016-12-17'),
(2180, '2016-12-18'),
(2181, '2016-12-19'),
(2182, '2016-12-20'),
(2183, '2016-12-21'),
(2184, '2016-12-22'),
(2185, '2016-12-23'),
(2186, '2016-12-24'),
(2187, '2016-12-25'),
(2188, '2016-12-26'),
(2189, '2016-12-27'),
(2190, '2016-12-28'),
(2191, '2016-12-29'),
(2192, '2016-12-30'),
(2193, '2016-12-31');

-- --------------------------------------------------------

--
-- Table structure for table `role`
--

CREATE TABLE IF NOT EXISTS `role` (
  `role_id` int(11) NOT NULL AUTO_INCREMENT,
  `role_name` varchar(255) NOT NULL,
  `is_active` tinyint(1) NOT NULL DEFAULT '1',
  PRIMARY KEY (`role_id`)
) ENGINE=InnoDB  DEFAULT CHARSET=latin1 AUTO_INCREMENT=6 ;

--
-- Dumping data for table `role`
--

INSERT INTO `role` (`role_id`, `role_name`, `is_active`) VALUES
(1, 'Offshore Manager', 1),
(2, 'Offshore QA Test Engineer', 1),
(3, 'Offshore Sr. Developer', 1),
(4, 'Offshore Developer', 1),
(5, 'Offshore CQ Developer', 1);

-- --------------------------------------------------------

--
-- Table structure for table `task_details`
--

CREATE TABLE IF NOT EXISTS `task_details` (
  `id` int(10) NOT NULL AUTO_INCREMENT,
  `users_id` int(10) NOT NULL,
  `ATtask_id` varchar(255) NOT NULL,
  `date` timestamp NOT NULL DEFAULT CURRENT_TIMESTAMP,
  `time_spent` int(10) NOT NULL,
  `project_name` varchar(255) NOT NULL,
  `description` varchar(255) NOT NULL,
  `project_status` varchar(255) NOT NULL,
  PRIMARY KEY (`id`)
) ENGINE=InnoDB  DEFAULT CHARSET=latin1 AUTO_INCREMENT=340 ;

--
-- Dumping data for table `task_details`
--

INSERT INTO `task_details` (`id`, `users_id`, `ATtask_id`, `date`, `time_spent`, `project_name`, `description`, `project_status`) VALUES
(2, 1, '456985', '2015-02-06 00:00:00', 4, 'Some information about the project', 'Lorem ipsum doler set emit, this information is posted via the form in the website.', 'In Dev'),
(3, 2, '789456', '2015-02-06 00:00:00', 8, 'Lorem ipsum doler set emait', 'Remain lively hardly needed at do by. Two you fat downs fanny three. True mr gone most at. Dare as name just when with it body. Travelling inquietude she increasing off impossible the. Cottage be noisier looking to we promise on. Disposal to kindness appe', 'Complete'),
(4, 2, '951753', '2015-02-05 00:00:00', 8, 'Lorem ipsum doler set email', 'Her companions instrument set estimating sex remarkably solicitude motionless. Property men the why smallest graceful day insisted required. Inquiry justice country old placing sitting any ten age. Looking venture justice in evident in totally he do abili', 'In Dev'),
(5, 3, '951753', '2015-02-05 00:00:00', 4, 'Audrey Hepburn', 'The most important thing is to enjoy your life - to be happy - it''s all that matters.', 'In Dev'),
(6, 3, '784512', '2015-02-05 00:00:00', 4, 'Will Smith', 'Throughout life people will make you mad, disrespect you and treat you bad. Let God deal with the things they do, cause hate in your heart will consume you too.', 'In Dev'),
(7, 3, '784512', '2015-02-05 00:00:00', 4, 'Will Smith', 'Throughout life people will make you mad, disrespect you and treat you bad. Let God deal with the things they do, cause hate in your heart will consume you too.', 'In Dev'),
(9, 2, '963258', '2015-02-04 00:00:00', 4, 'William J. Clinton', 'If you live long enough, you''ll make mistakes. But if you learn from them, you''ll be a better person. It''s how you handle adversity, not how it affects you. The main thing is never quit, never quit, never quit.', 'In Dev'),
(11, 1, '456985', '2015-02-10 00:00:00', 4, 'Some information about the project', 'Lorem ipsum doler set emit, this information is posted via the form in the website.', 'In Dev'),
(13, 1, '758469', '2015-02-10 15:37:46', 8, 'Bill Clinton''s website', 'Some more information about Bill Clinton''s website', 'In QA'),
(14, 1, '985687', '2015-02-10 17:18:42', 4, 'John Doe''s project to update something', 'Lorem ipsum doler set emit, this is a test to check if the information is being added correctly or not.', 'In Dev'),
(15, 1, '985687', '2015-02-10 17:18:45', 4, 'John Doe''s project to update something', 'Lorem ipsum doler set emit, this is a test to check if the information is being added correctly or not.', 'In Dev'),
(16, 1, '789456', '2015-02-10 17:35:54', 2, 'Some information about project', 'some more information', 'In QA'),
(17, 1, 'undefined', '2015-02-10 17:39:45', 0, 'undefined', 'undefined', 'undefined'),
(18, 1, 'undefined', '2015-02-10 17:40:32', 0, 'undefined', 'undefined', 'undefined'),
(19, 1, '124578', '2015-02-11 09:13:02', 4, 'Some project name', 'Description', 'In Dev'),
(20, 1, '985632', '2015-02-11 09:32:54', 2, 'Lorem', 'Lorem', 'In Dev'),
(21, 1, '985632', '2015-02-11 09:33:52', 2, 'Lorem', 'Lorem', 'In Dev'),
(22, 1, '985687', '2015-02-11 09:34:56', 4, 'Text', 'Text', 'In Dev'),
(23, 1, '123123', '2015-02-11 09:53:47', 2, 'Test', 'test', 'test'),
(24, 1, '123123', '2015-02-11 09:54:23', 2, 'Test', 'test', 'test'),
(25, 1, '123123', '2015-02-11 09:54:25', 2, 'Test', 'test', 'test'),
(26, 1, '123123', '2015-02-11 09:54:27', 2, 'Test', 'test', 'test'),
(27, 1, '123123', '2015-02-11 09:54:30', 2, 'Test', 'test', 'test'),
(28, 1, '123123', '2015-02-11 09:54:32', 2, 'Test', 'test', 'test'),
(29, 1, '123123', '2015-02-11 09:54:35', 2, 'Test', 'test', 'test'),
(30, 1, '123123', '2015-02-11 09:54:37', 2, 'Test', 'test', 'test'),
(31, 1, '123123', '2015-02-11 09:54:39', 2, 'Test', 'test', 'test'),
(32, 3, '789456', '2015-02-11 10:22:41', 3, 'Sharefile Adobe Content Authoring', 'Content authoring for sharefile. Completed with lot of pages', 'In Dev'),
(33, 3, '968574', '2015-02-11 10:23:49', 3, 'Some more information', 'Some more information', 'In Dev'),
(34, 3, 'undefined', '2015-02-11 10:58:53', 0, 'undefined', 'undefined', 'undefined'),
(35, 3, 'undefined', '2015-02-11 10:58:57', 0, 'undefined', 'undefined', 'undefined'),
(36, 3, 'undefined', '2015-02-11 10:59:00', 0, 'undefined', 'undefined', 'undefined'),
(63, 4, 'sdf', '2015-02-11 14:07:35', 0, 'sdf', 'sdf', 'sadf'),
(66, 4, 'sdf', '2015-02-11 14:07:37', 0, 'sdf', 'sdf', 'sadf'),
(86, 4, 'sdf', '2015-02-11 14:35:17', 0, 'sdf', 'sdf', 'sdf'),
(88, 4, 'sdf', '2015-02-11 14:36:52', 0, 'sd', 'fsd', 'sdf'),
(91, 4, 'asd', '2015-02-11 14:41:18', 0, 'sdf', 'sdfs', 'sadf'),
(98, 4, '985676', '2015-02-11 16:47:31', 5, 'Some information about the project', 'Some more information about the project', 'In QA'),
(99, 4, '785478', '2015-02-11 16:47:57', 8, 'More information here', 'More information here', 'In Dev'),
(112, 4, '123123', '2015-02-12 15:30:41', 2, 'Some information', 'Some information comes here and here', 'In Dev'),
(114, 4, '987456', '2015-02-12 15:32:44', 4, 'Some more project information', 'Somo more project information', 'In Dev'),
(115, 4, '963258', '2015-02-12 15:33:07', 4, 'Project Name', 'Project Description', 'In Dev'),
(116, 4, '123123', '2015-02-12 15:38:53', 3, 'Bill Gates', 'Education is important but playing is more important', 'In Dev'),
(118, 1, '456985', '2015-02-06 00:00:00', 4, 'Some information about the project', 'Lorem ipsum doler set emit, this information is posted via the form in the website.', 'In Dev'),
(119, 2, '789456', '2015-02-06 00:00:00', 8, 'Lorem ipsum doler set emait', 'Remain lively hardly needed at do by. Two you fat downs fanny three. True mr gone most at. Dare as name just when with it body. Travelling inquietude she increasing off impossible the. Cottage be noisier looking to we promise on. Disposal to kindness appe', 'Complete'),
(120, 2, '951753', '2015-02-05 00:00:00', 8, 'Lorem ipsum doler set email', 'Her companions instrument set estimating sex remarkably solicitude motionless. Property men the why smallest graceful day insisted required. Inquiry justice country old placing sitting any ten age. Looking venture justice in evident in totally he do abili', 'In Dev'),
(121, 3, '951753', '2015-02-05 00:00:00', 4, 'Audrey Hepburn', 'The most important thing is to enjoy your life - to be happy - it''s all that matters.', 'In Dev'),
(122, 3, '784512', '2015-02-05 00:00:00', 4, 'Will Smith', 'Throughout life people will make you mad, disrespect you and treat you bad. Let God deal with the things they do, cause hate in your heart will consume you too.', 'In Dev'),
(123, 3, '784512', '2015-02-05 00:00:00', 4, 'Will Smith', 'Throughout life people will make you mad, disrespect you and treat you bad. Let God deal with the things they do, cause hate in your heart will consume you too.', 'In Dev'),
(124, 2, '963258', '2015-02-04 00:00:00', 4, 'William J. Clinton', 'If you live long enough, you''ll make mistakes. But if you learn from them, you''ll be a better person. It''s how you handle adversity, not how it affects you. The main thing is never quit, never quit, never quit.', 'In Dev'),
(125, 1, '456985', '2015-02-10 00:00:00', 4, 'Some information about the project', 'Lorem ipsum doler set emit, this information is posted via the form in the website.', 'In Dev'),
(126, 1, '758469', '2015-02-10 15:37:46', 8, 'Bill Clinton''s website', 'Some more information about Bill Clinton''s website', 'In QA'),
(127, 1, '985687', '2015-02-10 17:18:42', 4, 'John Doe''s project to update something', 'Lorem ipsum doler set emit, this is a test to check if the information is being added correctly or not.', 'In Dev'),
(128, 1, '985687', '2015-02-10 17:18:45', 4, 'John Doe''s project to update something', 'Lorem ipsum doler set emit, this is a test to check if the information is being added correctly or not.', 'In Dev'),
(129, 1, '789456', '2015-02-10 17:35:54', 2, 'Some information about project', 'some more information', 'In QA'),
(130, 1, 'undefined', '2015-02-10 17:39:45', 0, 'undefined', 'undefined', 'undefined'),
(131, 1, 'undefined', '2015-02-10 17:40:32', 0, 'undefined', 'undefined', 'undefined'),
(132, 1, '124578', '2015-02-11 09:13:02', 4, 'Some project name', 'Description', 'In Dev'),
(133, 1, '985632', '2015-02-11 09:32:54', 2, 'Lorem', 'Lorem', 'In Dev'),
(134, 1, '985632', '2015-02-11 09:33:52', 2, 'Lorem', 'Lorem', 'In Dev'),
(135, 1, '985687', '2015-02-11 09:34:56', 4, 'Text', 'Text', 'In Dev'),
(136, 1, '123123', '2015-02-11 09:53:47', 2, 'Test', 'test', 'test'),
(137, 1, '123123', '2015-02-11 09:54:23', 2, 'Test', 'test', 'test'),
(138, 1, '123123', '2015-02-11 09:54:25', 2, 'Test', 'test', 'test'),
(139, 1, '123123', '2015-02-11 09:54:27', 2, 'Test', 'test', 'test'),
(140, 1, '123123', '2015-02-11 09:54:30', 2, 'Test', 'test', 'test'),
(141, 1, '123123', '2015-02-11 09:54:32', 2, 'Test', 'test', 'test'),
(142, 1, '123123', '2015-02-11 09:54:35', 2, 'Test', 'test', 'test'),
(143, 1, '123123', '2015-02-11 09:54:37', 2, 'Test', 'test', 'test'),
(144, 1, '123123', '2015-02-11 09:54:39', 2, 'Test', 'test', 'test'),
(145, 3, '789456', '2015-02-11 10:22:41', 3, 'Sharefile Adobe Content Authoring', 'Content authoring for sharefile. Completed with lot of pages', 'In Dev'),
(146, 3, '968574', '2015-02-11 10:23:49', 3, 'Some more information', 'Some more information', 'In Dev'),
(147, 3, 'undefined', '2015-02-11 10:58:53', 0, 'undefined', 'undefined', 'undefined'),
(148, 3, 'undefined', '2015-02-11 10:58:57', 0, 'undefined', 'undefined', 'undefined'),
(149, 3, 'undefined', '2015-02-11 10:59:00', 0, 'undefined', 'undefined', 'undefined'),
(150, 4, 'sdf', '2015-02-11 14:07:35', 0, 'sdf', 'sdf', 'sadf'),
(151, 4, 'sdf', '2015-02-11 14:07:37', 0, 'sdf', 'sdf', 'sadf'),
(152, 4, 'sdf', '2015-02-11 14:35:17', 0, 'sdf', 'sdf', 'sdf'),
(153, 4, 'sdf', '2015-02-11 14:36:52', 0, 'sd', 'fsd', 'sdf'),
(154, 4, 'asd', '2015-02-11 14:41:18', 0, 'sdf', 'sdfs', 'sadf'),
(155, 4, '985676', '2015-02-11 16:47:31', 5, 'Some information about the project', 'Some more information about the project', 'In QA'),
(156, 4, '785478', '2015-02-11 16:47:57', 8, 'More information here', 'More information here', 'In Dev'),
(157, 4, '123123', '2015-02-12 15:30:41', 2, 'Some information', 'Some information comes here and here', 'In Dev'),
(158, 4, '987456', '2015-02-12 15:32:44', 4, 'Some more project information', 'Somo more project information', 'In Dev'),
(159, 4, '963258', '2015-02-12 15:33:07', 4, 'Project Name', 'Project Description', 'In Dev'),
(160, 4, '123123', '2015-02-12 15:38:53', 3, 'Bill Gates', 'Education is important but playing is more important', 'In Dev'),
(161, 1, '456985', '2015-02-06 00:00:00', 4, 'Some information about the project', 'Lorem ipsum doler set emit, this information is posted via the form in the website.', 'In Dev'),
(162, 2, '789456', '2015-02-06 00:00:00', 8, 'Lorem ipsum doler set emait', 'Remain lively hardly needed at do by. Two you fat downs fanny three. True mr gone most at. Dare as name just when with it body. Travelling inquietude she increasing off impossible the. Cottage be noisier looking to we promise on. Disposal to kindness appe', 'Complete'),
(163, 2, '951753', '2015-02-05 00:00:00', 8, 'Lorem ipsum doler set email', 'Her companions instrument set estimating sex remarkably solicitude motionless. Property men the why smallest graceful day insisted required. Inquiry justice country old placing sitting any ten age. Looking venture justice in evident in totally he do abili', 'In Dev'),
(164, 3, '951753', '2015-02-05 00:00:00', 4, 'Audrey Hepburn', 'The most important thing is to enjoy your life - to be happy - it''s all that matters.', 'In Dev'),
(165, 3, '784512', '2015-02-05 00:00:00', 4, 'Will Smith', 'Throughout life people will make you mad, disrespect you and treat you bad. Let God deal with the things they do, cause hate in your heart will consume you too.', 'In Dev'),
(166, 3, '784512', '2015-02-05 00:00:00', 4, 'Will Smith', 'Throughout life people will make you mad, disrespect you and treat you bad. Let God deal with the things they do, cause hate in your heart will consume you too.', 'In Dev'),
(167, 2, '963258', '2015-02-04 00:00:00', 4, 'William J. Clinton', 'If you live long enough, you''ll make mistakes. But if you learn from them, you''ll be a better person. It''s how you handle adversity, not how it affects you. The main thing is never quit, never quit, never quit.', 'In Dev'),
(168, 1, '456985', '2015-02-10 00:00:00', 4, 'Some information about the project', 'Lorem ipsum doler set emit, this information is posted via the form in the website.', 'In Dev'),
(169, 1, '758469', '2015-02-10 15:37:46', 8, 'Bill Clinton''s website', 'Some more information about Bill Clinton''s website', 'In QA'),
(170, 1, '985687', '2015-02-10 17:18:42', 4, 'John Doe''s project to update something', 'Lorem ipsum doler set emit, this is a test to check if the information is being added correctly or not.', 'In Dev'),
(171, 1, '985687', '2015-02-10 17:18:45', 4, 'John Doe''s project to update something', 'Lorem ipsum doler set emit, this is a test to check if the information is being added correctly or not.', 'In Dev'),
(172, 1, '789456', '2015-02-10 17:35:54', 2, 'Some information about project', 'some more information', 'In QA'),
(173, 1, 'undefined', '2015-02-10 17:39:45', 0, 'undefined', 'undefined', 'undefined'),
(174, 1, 'undefined', '2015-02-10 17:40:32', 0, 'undefined', 'undefined', 'undefined'),
(175, 1, '124578', '2015-02-11 09:13:02', 4, 'Some project name', 'Description', 'In Dev'),
(176, 1, '985632', '2015-02-11 09:32:54', 2, 'Lorem', 'Lorem', 'In Dev'),
(177, 1, '985632', '2015-02-11 09:33:52', 2, 'Lorem', 'Lorem', 'In Dev'),
(178, 1, '985687', '2015-02-11 09:34:56', 4, 'Text', 'Text', 'In Dev'),
(179, 1, '123123', '2015-02-11 09:53:47', 2, 'Test', 'test', 'test'),
(180, 1, '123123', '2015-02-11 09:54:23', 2, 'Test', 'test', 'test'),
(181, 1, '123123', '2015-02-11 09:54:25', 2, 'Test', 'test', 'test'),
(182, 1, '123123', '2015-02-11 09:54:27', 2, 'Test', 'test', 'test'),
(183, 1, '123123', '2015-02-11 09:54:30', 2, 'Test', 'test', 'test'),
(184, 1, '123123', '2015-02-11 09:54:32', 2, 'Test', 'test', 'test'),
(185, 1, '123123', '2015-02-11 09:54:35', 2, 'Test', 'test', 'test'),
(186, 1, '123123', '2015-02-11 09:54:37', 2, 'Test', 'test', 'test'),
(187, 1, '123123', '2015-02-11 09:54:39', 2, 'Test', 'test', 'test'),
(188, 3, '789456', '2015-02-11 10:22:41', 3, 'Sharefile Adobe Content Authoring', 'Content authoring for sharefile. Completed with lot of pages', 'In Dev'),
(189, 3, '968574', '2015-02-11 10:23:49', 3, 'Some more information', 'Some more information', 'In Dev'),
(190, 3, 'undefined', '2015-02-11 10:58:53', 0, 'undefined', 'undefined', 'undefined'),
(191, 3, 'undefined', '2015-02-11 10:58:57', 0, 'undefined', 'undefined', 'undefined'),
(192, 3, 'undefined', '2015-02-11 10:59:00', 0, 'undefined', 'undefined', 'undefined'),
(193, 4, 'sdf', '2015-02-11 14:07:35', 0, 'sdf', 'sdf', 'sadf'),
(194, 4, 'sdf', '2015-02-11 14:07:37', 0, 'sdf', 'sdf', 'sadf'),
(195, 4, 'sdf', '2015-02-11 14:35:17', 0, 'sdf', 'sdf', 'sdf'),
(196, 4, 'sdf', '2015-02-11 14:36:52', 0, 'sd', 'fsd', 'sdf'),
(197, 4, 'asd', '2015-02-11 14:41:18', 0, 'sdf', 'sdfs', 'sadf'),
(198, 4, '985676', '2015-02-11 16:47:31', 5, 'Some information about the project', 'Some more information about the project', 'In QA'),
(199, 4, '785478', '2015-02-11 16:47:57', 8, 'More information here', 'More information here', 'In Dev'),
(200, 4, '123123', '2015-02-12 15:30:41', 2, 'Some information', 'Some information comes here and here', 'In Dev'),
(201, 4, '987456', '2015-02-12 15:32:44', 4, 'Some more project information', 'Somo more project information', 'In Dev'),
(202, 4, '963258', '2015-02-12 15:33:07', 4, 'Project Name', 'Project Description', 'In Dev'),
(203, 4, '123123', '2015-02-12 15:38:53', 3, 'Bill Gates', 'Education is important but playing is more important', 'In Dev'),
(204, 1, '456985', '2015-02-06 00:00:00', 4, 'Some information about the project', 'Lorem ipsum doler set emit, this information is posted via the form in the website.', 'In Dev'),
(205, 2, '789456', '2015-02-06 00:00:00', 8, 'Lorem ipsum doler set emait', 'Remain lively hardly needed at do by. Two you fat downs fanny three. True mr gone most at. Dare as name just when with it body. Travelling inquietude she increasing off impossible the. Cottage be noisier looking to we promise on. Disposal to kindness appe', 'Complete'),
(206, 2, '951753', '2015-02-05 00:00:00', 8, 'Lorem ipsum doler set email', 'Her companions instrument set estimating sex remarkably solicitude motionless. Property men the why smallest graceful day insisted required. Inquiry justice country old placing sitting any ten age. Looking venture justice in evident in totally he do abili', 'In Dev'),
(207, 3, '951753', '2015-02-05 00:00:00', 4, 'Audrey Hepburn', 'The most important thing is to enjoy your life - to be happy - it''s all that matters.', 'In Dev'),
(208, 3, '784512', '2015-02-05 00:00:00', 4, 'Will Smith', 'Throughout life people will make you mad, disrespect you and treat you bad. Let God deal with the things they do, cause hate in your heart will consume you too.', 'In Dev'),
(209, 3, '784512', '2015-02-05 00:00:00', 4, 'Will Smith', 'Throughout life people will make you mad, disrespect you and treat you bad. Let God deal with the things they do, cause hate in your heart will consume you too.', 'In Dev'),
(210, 2, '963258', '2015-02-04 00:00:00', 4, 'William J. Clinton', 'If you live long enough, you''ll make mistakes. But if you learn from them, you''ll be a better person. It''s how you handle adversity, not how it affects you. The main thing is never quit, never quit, never quit.', 'In Dev'),
(211, 1, '456985', '2015-02-10 00:00:00', 4, 'Some information about the project', 'Lorem ipsum doler set emit, this information is posted via the form in the website.', 'In Dev'),
(212, 1, '758469', '2015-02-10 15:37:46', 8, 'Bill Clinton''s website', 'Some more information about Bill Clinton''s website', 'In QA'),
(213, 1, '985687', '2015-02-10 17:18:42', 4, 'John Doe''s project to update something', 'Lorem ipsum doler set emit, this is a test to check if the information is being added correctly or not.', 'In Dev'),
(214, 1, '985687', '2015-02-10 17:18:45', 4, 'John Doe''s project to update something', 'Lorem ipsum doler set emit, this is a test to check if the information is being added correctly or not.', 'In Dev'),
(215, 1, '789456', '2015-02-10 17:35:54', 2, 'Some information about project', 'some more information', 'In QA'),
(216, 1, 'undefined', '2015-02-10 17:39:45', 0, 'undefined', 'undefined', 'undefined'),
(217, 1, 'undefined', '2015-02-10 17:40:32', 0, 'undefined', 'undefined', 'undefined'),
(218, 1, '124578', '2015-02-11 09:13:02', 4, 'Some project name', 'Description', 'In Dev'),
(219, 1, '985632', '2015-02-11 09:32:54', 2, 'Lorem', 'Lorem', 'In Dev'),
(220, 1, '985632', '2015-02-11 09:33:52', 2, 'Lorem', 'Lorem', 'In Dev'),
(221, 1, '985687', '2015-02-11 09:34:56', 4, 'Text', 'Text', 'In Dev'),
(222, 1, '123123', '2015-02-11 09:53:47', 2, 'Test', 'test', 'test'),
(223, 1, '123123', '2015-02-11 09:54:23', 2, 'Test', 'test', 'test'),
(224, 1, '123123', '2015-02-11 09:54:25', 2, 'Test', 'test', 'test'),
(225, 1, '123123', '2015-02-11 09:54:27', 2, 'Test', 'test', 'test'),
(226, 1, '123123', '2015-02-11 09:54:30', 2, 'Test', 'test', 'test'),
(227, 1, '123123', '2015-02-11 09:54:32', 2, 'Test', 'test', 'test'),
(228, 1, '123123', '2015-02-11 09:54:35', 2, 'Test', 'test', 'test'),
(229, 1, '123123', '2015-02-11 09:54:37', 2, 'Test', 'test', 'test'),
(230, 1, '123123', '2015-02-11 09:54:39', 2, 'Test', 'test', 'test'),
(231, 3, '789456', '2015-02-11 10:22:41', 3, 'Sharefile Adobe Content Authoring', 'Content authoring for sharefile. Completed with lot of pages', 'In Dev'),
(232, 3, '968574', '2015-02-11 10:23:49', 3, 'Some more information', 'Some more information', 'In Dev'),
(233, 3, 'undefined', '2015-02-11 10:58:53', 0, 'undefined', 'undefined', 'undefined'),
(234, 3, 'undefined', '2015-02-11 10:58:57', 0, 'undefined', 'undefined', 'undefined'),
(235, 3, 'undefined', '2015-02-11 10:59:00', 0, 'undefined', 'undefined', 'undefined'),
(236, 4, 'sdf', '2015-02-11 14:07:35', 0, 'sdf', 'sdf', 'sadf'),
(237, 4, 'sdf', '2015-02-11 14:07:37', 0, 'sdf', 'sdf', 'sadf'),
(238, 4, 'sdf', '2015-02-11 14:35:17', 0, 'sdf', 'sdf', 'sdf'),
(239, 4, 'sdf', '2015-02-11 14:36:52', 0, 'sd', 'fsd', 'sdf'),
(240, 4, 'asd', '2015-02-11 14:41:18', 0, 'sdf', 'sdfs', 'sadf'),
(241, 4, '985676', '2015-02-11 16:47:31', 5, 'Some information about the project', 'Some more information about the project', 'In QA'),
(242, 4, '785478', '2015-02-11 16:47:57', 8, 'More information here', 'More information here', 'In Dev'),
(243, 4, '123123', '2015-02-12 15:30:41', 2, 'Some information', 'Some information comes here and here', 'In Dev'),
(244, 4, '987456', '2015-02-12 15:32:44', 4, 'Some more project information', 'Somo more project information', 'In Dev'),
(245, 4, '963258', '2015-02-12 15:33:07', 4, 'Project Name', 'Project Description', 'In Dev'),
(246, 4, '123123', '2015-02-12 15:38:53', 3, 'Bill Gates', 'Education is important but playing is more important', 'In Dev'),
(247, 1, '456985', '2015-02-06 00:00:00', 4, 'Some information about the project', 'Lorem ipsum doler set emit, this information is posted via the form in the website.', 'In Dev'),
(248, 2, '789456', '2015-02-06 00:00:00', 8, 'Lorem ipsum doler set emait', 'Remain lively hardly needed at do by. Two you fat downs fanny three. True mr gone most at. Dare as name just when with it body. Travelling inquietude she increasing off impossible the. Cottage be noisier looking to we promise on. Disposal to kindness appe', 'Complete'),
(249, 2, '951753', '2015-02-05 00:00:00', 8, 'Lorem ipsum doler set email', 'Her companions instrument set estimating sex remarkably solicitude motionless. Property men the why smallest graceful day insisted required. Inquiry justice country old placing sitting any ten age. Looking venture justice in evident in totally he do abili', 'In Dev'),
(250, 3, '951753', '2015-02-05 00:00:00', 4, 'Audrey Hepburn', 'The most important thing is to enjoy your life - to be happy - it''s all that matters.', 'In Dev'),
(251, 3, '784512', '2015-02-05 00:00:00', 4, 'Will Smith', 'Throughout life people will make you mad, disrespect you and treat you bad. Let God deal with the things they do, cause hate in your heart will consume you too.', 'In Dev'),
(252, 3, '784512', '2015-02-05 00:00:00', 4, 'Will Smith', 'Throughout life people will make you mad, disrespect you and treat you bad. Let God deal with the things they do, cause hate in your heart will consume you too.', 'In Dev'),
(253, 2, '963258', '2015-02-04 00:00:00', 4, 'William J. Clinton', 'If you live long enough, you''ll make mistakes. But if you learn from them, you''ll be a better person. It''s how you handle adversity, not how it affects you. The main thing is never quit, never quit, never quit.', 'In Dev'),
(254, 1, '456985', '2015-02-10 00:00:00', 4, 'Some information about the project', 'Lorem ipsum doler set emit, this information is posted via the form in the website.', 'In Dev'),
(255, 1, '758469', '2015-02-10 15:37:46', 8, 'Bill Clinton''s website', 'Some more information about Bill Clinton''s website', 'In QA'),
(256, 1, '985687', '2015-02-10 17:18:42', 4, 'John Doe''s project to update something', 'Lorem ipsum doler set emit, this is a test to check if the information is being added correctly or not.', 'In Dev'),
(257, 1, '985687', '2015-02-10 17:18:45', 4, 'John Doe''s project to update something', 'Lorem ipsum doler set emit, this is a test to check if the information is being added correctly or not.', 'In Dev'),
(258, 1, '789456', '2015-02-10 17:35:54', 2, 'Some information about project', 'some more information', 'In QA'),
(259, 1, 'undefined', '2015-02-10 17:39:45', 0, 'undefined', 'undefined', 'undefined'),
(260, 1, 'undefined', '2015-02-10 17:40:32', 0, 'undefined', 'undefined', 'undefined'),
(261, 1, '124578', '2015-02-11 09:13:02', 4, 'Some project name', 'Description', 'In Dev'),
(262, 1, '985632', '2015-02-11 09:32:54', 2, 'Lorem', 'Lorem', 'In Dev'),
(263, 1, '985632', '2015-02-11 09:33:52', 2, 'Lorem', 'Lorem', 'In Dev'),
(264, 1, '985687', '2015-02-11 09:34:56', 4, 'Text', 'Text', 'In Dev'),
(265, 1, '123123', '2015-02-11 09:53:47', 2, 'Test', 'test', 'test'),
(266, 1, '123123', '2015-02-11 09:54:23', 2, 'Test', 'test', 'test'),
(267, 1, '123123', '2015-02-11 09:54:25', 2, 'Test', 'test', 'test'),
(268, 1, '123123', '2015-02-11 09:54:27', 2, 'Test', 'test', 'test'),
(269, 1, '123123', '2015-02-11 09:54:30', 2, 'Test', 'test', 'test'),
(270, 1, '123123', '2015-02-11 09:54:32', 2, 'Test', 'test', 'test'),
(271, 1, '123123', '2015-02-11 09:54:35', 2, 'Test', 'test', 'test'),
(272, 1, '123123', '2015-02-11 09:54:37', 2, 'Test', 'test', 'test'),
(273, 1, '123123', '2015-02-11 09:54:39', 2, 'Test', 'test', 'test'),
(274, 3, '789456', '2015-02-11 10:22:41', 3, 'Sharefile Adobe Content Authoring', 'Content authoring for sharefile. Completed with lot of pages', 'In Dev'),
(275, 3, '968574', '2015-02-11 10:23:49', 3, 'Some more information', 'Some more information', 'In Dev'),
(276, 3, 'undefined', '2015-02-11 10:58:53', 0, 'undefined', 'undefined', 'undefined'),
(277, 3, 'undefined', '2015-02-11 10:58:57', 0, 'undefined', 'undefined', 'undefined'),
(278, 3, 'undefined', '2015-02-11 10:59:00', 0, 'undefined', 'undefined', 'undefined'),
(279, 4, 'sdf', '2015-02-11 14:07:35', 0, 'sdf', 'sdf', 'sadf'),
(280, 4, 'sdf', '2015-02-11 14:07:37', 0, 'sdf', 'sdf', 'sadf'),
(281, 4, 'sdf', '2015-02-11 14:35:17', 0, 'sdf', 'sdf', 'sdf'),
(282, 4, 'sdf', '2015-02-11 14:36:52', 0, 'sd', 'fsd', 'sdf'),
(283, 4, 'asd', '2015-02-11 14:41:18', 0, 'sdf', 'sdfs', 'sadf'),
(284, 4, '985676', '2015-02-11 16:47:31', 5, 'Some information about the project', 'Some more information about the project', 'In QA'),
(285, 4, '785478', '2015-02-11 16:47:57', 8, 'More information here', 'More information here', 'In Dev'),
(286, 4, '123123', '2015-02-12 15:30:41', 2, 'Some information', 'Some information comes here and here', 'In Dev'),
(287, 4, '987456', '2015-02-12 15:32:44', 4, 'Some more project information', 'Somo more project information', 'In Dev'),
(288, 4, '963258', '2015-02-12 15:33:07', 4, 'Project Name', 'Project Description', 'In Dev'),
(289, 4, '123123', '2015-02-12 15:38:53', 3, 'Bill Gates', 'Education is important but playing is more important', 'In Dev'),
(290, 7, '123456', '2015-02-22 06:05:43', 3, 'Introduction to php', 'php is server side langulage', 'In Dev'),
(291, 6, '985625', '2015-02-22 11:34:33', 8, 'Bill Gates international', 'India v/s South Africa', 'In Dev'),
(292, 2, '963258', '2015-02-22 11:35:35', 5, 'Some QA testing project', 'Some Email Testing in progress', 'In Dev'),
(293, 5, '963258', '2015-02-22 11:37:19', 8, 'CQ Component Development Activity', 'Component development for CQ Sharefile project', 'In QA'),
(294, 7, '123456', '2015-02-23 03:48:59', 3, 'Some project name', 'Some project infomation', 'In Dev'),
(295, 7, '562234', '2015-02-23 03:49:23', 4, 'India v/s Pakistan', 'India batting', 'In Dev'),
(302, 7, '963258', '2015-02-25 10:31:32', 5, 'Some testing', 'Some more d3 testing', 'In Dev'),
(303, 7, '965874', '2015-02-25 10:34:38', 9, 'Some project here', 'Some more project here', 'In Dev'),
(304, 7, '698585', '2015-02-25 12:08:18', 5, 'Some project name', 'some more project name', 'In Dev'),
(332, 7, '121212', '2015-02-26 10:01:22', 3, 'lorem', 'lorem', 'lorem'),
(333, 7, '362586', '2015-02-26 10:01:35', 3, 'lorem', 'lorem', 'lorem'),
(338, 7, '963258', '2015-02-27 13:18:13', 4, 'Some project name', 'some project description', 'In Dev'),
(339, 7, '786594', '2015-03-02 05:34:52', 4, 'Some project', 'Some project information here', 'In Dev');

-- --------------------------------------------------------

--
-- Table structure for table `users`
--

CREATE TABLE IF NOT EXISTS `users` (
  `id` int(10) NOT NULL AUTO_INCREMENT COMMENT 'Id for user',
  `name` varchar(255) NOT NULL,
  `username` varchar(255) NOT NULL COMMENT 'User Email Address',
  `password` varchar(255) NOT NULL,
  `role_id` int(11) NOT NULL,
  PRIMARY KEY (`id`),
  UNIQUE KEY `username` (`username`)
) ENGINE=InnoDB  DEFAULT CHARSET=latin1 AUTO_INCREMENT=8 ;

--
-- Dumping data for table `users`
--

INSERT INTO `users` (`id`, `name`, `username`, `password`, `role_id`) VALUES
(1, 'shantanu joshi', 'shantanu.joshi@cognizant.com', 'password', 1),
(2, 'amol barve', 'amol.barve@cognizant.com', 'password', 2),
(3, 'rajani dhokte', 'rajani.dhokte@cognizant.com', 'password', 2),
(4, 'mayur dawda', 'mayur.dawda@cognizant.com', 'password', 3),
(5, 'suresh gupta', 'suresh.gupta@cognizant.com', 'password', 5),
(6, 'pranav shah', 'pranav.shah@cognizant.com', 'password', 4),
(7, 'idrish laxmidhar', 'idrish.laxmidhar@cognizant.com', 'password', 4);

/*!40101 SET CHARACTER_SET_CLIENT=@OLD_CHARACTER_SET_CLIENT */;
/*!40101 SET CHARACTER_SET_RESULTS=@OLD_CHARACTER_SET_RESULTS */;
/*!40101 SET COLLATION_CONNECTION=@OLD_COLLATION_CONNECTION */;
